{
    "$schema": "https://schema.management.azure.com/schemas/2019-04-01/deploymentTemplate.json#",
    "contentVersion": "1.0.0.0",
    "parameters": {
        "workflows_AIPreportinglogicapp_name": {
            "defaultValue": "AIPreportinglogicapp",
            "type": "String"
        },
        "connections_azureloganalyticsdatacollector_externalid": {
            "defaultValue": "/subscriptions/b3959c3c-6a7a-477c-9908-830781ad1f3b/resourceGroups/Office365ManagementApiza/providers/Microsoft.Web/connections/azureloganalyticsdatacollector",
            "type": "String"
        }
    },
    "variables": {},
    "resources": [
        {
            "type": "Microsoft.Logic/workflows",
            "apiVersion": "2017-07-01",
            "name": "[parameters('workflows_AIPreportinglogicapp_name')]",
            "location": "southafricanorth",
            "properties": {
                "state": "Disabled",
                "definition": {
                    "$schema": "https://schema.management.azure.com/providers/Microsoft.Logic/schemas/2016-06-01/workflowdefinition.json#",
                    "contentVersion": "1.0.0.0",
                    "parameters": {
                        "$connections": {
                            "defaultValue": {},
                            "type": "Object"
                        }
                    },
                    "triggers": {
                        "manual": {
                            "type": "Request",
                            "kind": "Http",
                            "inputs": {
                                "schema": {
                                    "items": {
                                        "properties": {
                                            "clientId": {
                                                "type": "string"
                                            },
                                            "contentCreated": {
                                                "type": "string"
                                            },
                                            "contentExpiration": {
                                                "type": "string"
                                            },
                                            "contentId": {
                                                "type": "string"
                                            },
                                            "contentType": {
                                                "type": "string"
                                            },
                                            "contentUri": {
                                                "type": "string"
                                            },
                                            "tenantId": {
                                                "type": "string"
                                            }
                                        },
                                        "required": [
                                            "tenantId",
                                            "clientId",
                                            "contentType",
                                            "contentId",
                                            "contentUri",
                                            "contentCreated",
                                            "contentExpiration"
                                        ],
                                        "type": "object"
                                    },
                                    "type": "array"
                                }
                            }
                        }
                    },
                    "actions": {
                        "For_each": {
                            "foreach": "@variables('TestObject')",
                            "actions": {
                                "Condition": {
                                    "actions": {
                                        "Send_Data": {
                                            "runAfter": {},
                                            "type": "ApiConnection",
                                            "inputs": {
                                                "body": "@{JSON(body('HTTP'))}",
                                                "headers": {
                                                    "Log-Type": "AuditAzureActiveDirectory"
                                                },
                                                "host": {
                                                    "connection": {
                                                        "name": "@parameters('$connections')['azureloganalyticsdatacollector']['connectionId']"
                                                    }
                                                },
                                                "method": "post",
                                                "path": "/api/logs"
                                            }
                                        }
                                    },
                                    "runAfter": {
                                        "HTTP": [
                                            "Succeeded"
                                        ]
                                    },
                                    "expression": {
                                        "and": [
                                            {
                                                "equals": [
                                                    "@item()['ContentType']",
                                                    "Audit.AzureActiveDirectory"
                                                ]
                                            }
                                        ]
                                    },
                                    "type": "If"
                                },
                                "Condition_2": {
                                    "actions": {
                                        "Send_Data_2": {
                                            "runAfter": {},
                                            "type": "ApiConnection",
                                            "inputs": {
                                                "body": "@{JSON(body('HTTP'))}",
                                                "headers": {
                                                    "Log-Type": "AuditSharePoint"
                                                },
                                                "host": {
                                                    "connection": {
                                                        "name": "@parameters('$connections')['azureloganalyticsdatacollector']['connectionId']"
                                                    }
                                                },
                                                "method": "post",
                                                "path": "/api/logs"
                                            }
                                        }
                                    },
                                    "runAfter": {
                                        "Condition": [
                                            "Succeeded"
                                        ]
                                    },
                                    "expression": {
                                        "and": [
                                            {
                                                "equals": [
                                                    "@item()['ContentType']",
                                                    "Audit.SharePoint"
                                                ]
                                            }
                                        ]
                                    },
                                    "type": "If"
                                },
                                "Condition_3": {
                                    "actions": {
                                        "Send_Data_3": {
                                            "runAfter": {},
                                            "type": "ApiConnection",
                                            "inputs": {
                                                "body": "@{JSON(body('HTTP'))}",
                                                "headers": {
                                                    "Log-Type": "AuditExchange"
                                                },
                                                "host": {
                                                    "connection": {
                                                        "name": "@parameters('$connections')['azureloganalyticsdatacollector']['connectionId']"
                                                    }
                                                },
                                                "method": "post",
                                                "path": "/api/logs"
                                            }
                                        }
                                    },
                                    "runAfter": {
                                        "Condition_2": [
                                            "Succeeded"
                                        ]
                                    },
                                    "expression": {
                                        "and": [
                                            {
                                                "equals": [
                                                    "@item()['ContentType']",
                                                    "Audit.Exchange"
                                                ]
                                            }
                                        ]
                                    },
                                    "type": "If"
                                },
                                "Condition_4": {
                                    "actions": {
                                        "Send_Data_4": {
                                            "runAfter": {},
                                            "type": "ApiConnection",
                                            "inputs": {
                                                "body": "@{JSON(body('HTTP'))}",
                                                "headers": {
                                                    "Log-Type": "AuditGeneral"
                                                },
                                                "host": {
                                                    "connection": {
                                                        "name": "@parameters('$connections')['azureloganalyticsdatacollector']['connectionId']"
                                                    }
                                                },
                                                "method": "post",
                                                "path": "/api/logs"
                                            }
                                        }
                                    },
                                    "runAfter": {
                                        "Condition_3": [
                                            "Succeeded"
                                        ]
                                    },
                                    "expression": {
                                        "and": [
                                            {
                                                "equals": [
                                                    "@item()['ContentType']",
                                                    "Audit.General"
                                                ]
                                            }
                                        ]
                                    },
                                    "type": "If"
                                },
                                "Condition_5": {
                                    "actions": {
                                        "Send_Data_5": {
                                            "runAfter": {},
                                            "type": "ApiConnection",
                                            "inputs": {
                                                "body": "@{JSON(body('HTTP'))}",
                                                "headers": {
                                                    "Log-Type": "DlpAll"
                                                },
                                                "host": {
                                                    "connection": {
                                                        "name": "@parameters('$connections')['azureloganalyticsdatacollector']['connectionId']"
                                                    }
                                                },
                                                "method": "post",
                                                "path": "/api/logs"
                                            }
                                        }
                                    },
                                    "runAfter": {
                                        "Condition_4": [
                                            "Succeeded"
                                        ]
                                    },
                                    "expression": {
                                        "and": [
                                            {
                                                "equals": [
                                                    "@item()['ContentType']",
                                                    "DLP.All"
                                                ]
                                            }
                                        ]
                                    },
                                    "type": "If"
                                },
                                "HTTP": {
                                    "runAfter": {},
                                    "type": "Http",
                                    "inputs": {
                                        "authentication": {
                                            "audience": "https://manage.office.com",
                                            "clientId": "<ClientID>",
                                            "secret": "<Secret>",
                                            "tenant": "<TenantID>",
                                            "type": "ActiveDirectoryOAuth"
                                        },
                                        "headers": {
                                            "content-type": "application/json"
                                        },
                                        "method": "GET",
                                        "uri": "@items('For_each')?['contentUri']"
                                    }
                                }
                            },
                            "runAfter": {
                                "Initialize_variable_2": [
                                    "Succeeded"
                                ]
                            },
                            "type": "Foreach"
                        },
                        "Initialize_variable_2": {
                            "runAfter": {},
                            "type": "InitializeVariable",
                            "inputs": {
                                "variables": [
                                    {
                                        "name": "TestObject",
                                        "type": "array",
                                        "value": "@triggerBody()"
                                    }
                                ]
                            }
                        }
                    },
                    "outputs": {}
                },
                "parameters": {
                    "$connections": {
                        "value": {
                            "azureloganalyticsdatacollector": {
                                "connectionId": "[parameters('connections_azureloganalyticsdatacollector_externalid')]",
                                "connectionName": "azureloganalyticsdatacollector",
                                "id": "/subscriptions/b3959c3c-6a7a-477c-9908-830781ad1f3b/providers/Microsoft.Web/locations/southafricanorth/managedApis/azureloganalyticsdatacollector"
                            }
                        }
                    }
                }
            }
        }
    ]
}